Workbook

Sheet Read Me First
A1: How to use this tracker
A3: This plan runs 100 days: 19 Sep 2026 -> 27 Dec 2026 (matches your Sep-Dec 2026 semester).
A5: Structure:
A6: - Weekdays are kept light (1-1.5h) since your JKUAT timetable already fills your days.
A7: - Weekends carry the heavier 'deep work' blocks (2.5-3h each) - this is where most real progress happens.
A8: - The 'Class Schedule' column repeats your fixed university timetable so you always see it alongside your self-study plan.
A9: - The 'Your Free Window' column is a suggestion, not a rule - if an unlisted extra class or CAT lands there, swap it for another open slot the same day, or push it to the weekend buffer.
A11: If a day gets missed:
A12: - Mark it 'Skipped' rather than deleting it - the Dashboard tracks Skipped days separately so you always see your true completion rate.
A13: - Week 14 (Days 94-100) is a built-in buffer/catch-up week - use it to absorb missed days before the 100 days end.
A15: Your target: getting even 2/3 of these 100 days marked 'Done' (about 67 days) puts you meaningfully ahead of where you are today by January/February - the Dashboard sheet calculates this target automatically.
A17: Daily habit: update the Status column (dropdown) each evening - it takes 10 seconds and keeps the Dashboard accurate.

Sheet 100-Day Tracker
A1: Day | B1: Date | C1: Weekday | D1: Phase | E1: Week / Theme | F1: Class Schedule (fixed) | G1: Your Free Window | H1: Today's Task | I1: Resource / Platform | J1: Est. Time (h) | K1: Status | L1: Notes
A2: 1 | B2: 46284 | C2: Saturday | D2: Phase 1: Foundations | E2: Orientation | F2: No scheduled classes | G2: Deep-work block (~3h) | H2: Kick-off: read your full learning roadmap; set your 100-day goal; set up a dedicated folder/notebook for tracking | I2: - | J2: 3 | K2: Not Started
A3: 2 | B3: 46285 | C3: Sunday | D3: Phase 1: Foundations | E3: Orientation | F3: No scheduled classes | G3: Deep-work + weekly review (~2.5h) | H3: Create GitHub account + repo '100-day-ai-journey'; install Python 3 and VS Code | I3: github.com | J3: 2.5 | K3: Not Started
A4: 3 | B4: 46286 | C4: Monday | D4: Phase 1: Foundations | E4: Week 1: Setup & Refresh | F4: 08:00-10:00 SMA2321 Numerical Analysis I (CLB106) | G4: Evening 18:00-19:30 (~1.5h) | H4: Refresh linear algebra: vectors, matrices, eigenvalues (eps 1-3) | I4: 3Blue1Brown - Essence of Linear Algebra | J4: 1.5 | K4: Not Started
A5: 4 | B5: 46287 | C5: Tuesday | D5: Phase 1: Foundations | E5: Week 1: Setup & Refresh | F5: 08:00-10:00 STA2300 Theory of Estimation (CLB103); 10:00-12:00 SMA2301 Real Analysis I (CTC201) | G5: Evening 18:00-20:00 (~2h) | H5: Python refresher: functions, NumPy basics, virtual environments | I5: NumPy Quickstart / official Python docs | J5: 2 | K5: Not Started
A6: 5 | B6: 46288 | C6: Wednesday | D6: Phase 1: Foundations | E6: Week 1: Setup & Refresh | F6: 10:00-12:00 SMA2303 Group Theory I (CTC202); 16:00-18:00 SMA2322 Fluid Mechanics I (CTC04) | G6: Morning 08:00-09:30 + Evening 18:30-20:00 (~3h) | H6: Probability refresher: distributions, expectation, variance | I6: MIT OCW 18.05 lecture notes | J6: 1.5 | K6: Not Started
A7: 6 | B7: 46289 | C7: Thursday | D7: Phase 1: Foundations | E7: Week 1: Setup & Refresh | F7: 14:00-15:00 SMA2306 Linear Algebra II (CTC204); 16:00-17:00 SMA2304 ODE I (NSC Lobby) | G7: Morning (free) + Evening 17:30-19:00 (~2h) | H7: Install PyTorch; work through the 60-minute Blitz tutorial | I7: pytorch.org/tutorials | J7: 1.5 | K7: Not Started
A8: 7 | B8: 46290 | C8: Friday | D8: Phase 1: Foundations | E8: Week 1: Setup & Refresh | F8: 09:00-11:00 ICS2311 Computer Graphics (PAM LAB A); 11:00-13:00 SMA2308 Intro. Computational Maths (PAM LAB B) | G8: Afternoon 13:30-15:00 (~1.5h) | H8: Create GitHub account + repo '100-day-ai-journey'; write a README with your goal | I8: github.com | J8: 1 | K8: Not Started
A9: 8 | B9: 46291 | C9: Saturday | D9: Phase 1: Foundations | E9: Week 1: Setup & Refresh | F9: No scheduled classes | G9: Deep-work block (~3h) | H9: Deep work: finish PyTorch Blitz tutorial, push first notebook to GitHub | I9: pytorch.org/tutorials | J9: 3 | K9: Not Started
A10: 9 | B10: 46292 | C10: Sunday | D10: Phase 1: Foundations | E10: Week 1: Setup & Refresh | F10: No scheduled classes | G10: Deep-work + weekly review (~2.5h) | H10: Weekly review: log what you learned; sign up for BlueDot AI Safety Fundamentals | I10: bluedot.org / aisafetyfundamentals.com | J10: 2.5 | K10: Not Started
A11: 10 | B11: 46293 | C11: Monday | D11: Phase 1: Foundations | E11: Week 2: PyTorch Fundamentals + fast.ai Start | F11: 08:00-10:00 SMA2321 Numerical Analysis I (CLB106) | G11: Evening 18:00-19:30 (~1.5h) | H11: fast.ai Lesson 1: watch + take notes (image classification intro) | I11: course.fast.ai | J11: 1.5 | K11: Not Started
A12: 11 | B12: 46294 | C12: Tuesday | D12: Phase 1: Foundations | E12: Week 2: PyTorch Fundamentals + fast.ai Start | F12: 08:00-10:00 STA2300 Theory of Estimation (CLB103); 10:00-12:00 SMA2301 Real Analysis I (CTC201) | G12: Evening 18:00-20:00 (~2h) | H12: fast.ai Lesson 1: hands-on notebook (Colab/Kaggle) | I12: course.fast.ai | J12: 2 | K12: Not Started
A13: 12 | B13: 46295 | C13: Wednesday | D13: Phase 1: Foundations | E13: Week 2: PyTorch Fundamentals + fast.ai Start | F13: 10:00-12:00 SMA2303 Group Theory I (CTC202); 16:00-18:00 SMA2322 Fluid Mechanics I (CTC04) | G13: Morning 08:00-09:30 + Evening 18:30-20:00 (~3h) | H13: BlueDot AISF Week 1: 'Transformative AI and Current Trajectory' | I13: aisafetyfundamentals.com | J13: 1.5 | K13: Not Started
... A101: 100 | B101: 46383 | C101: Sunday | D101: Phase 5: Apply & Wrap-Up | E101: Week 14: Goal-setting for Jan/Feb | F101: No scheduled classes | G101: Deep-work + weekly review (~2.5h) | H101: Set 3 concrete goals for Jan/Feb (e.g. apply to next ARENA cohort, finish a second project); plan your next 100-day cycle | I101: - | J101: 2.5 | K101: Not Started

Sheet Progress Dashboard
A1: 100-Day Tracker - Progress Dashboard
A3: Total days in plan | B3: =COUNTA('100-Day Tracker'!A2:A101) -> 100
A4: Days marked Done | B4: =COUNTIF('100-Day Tracker'!K2:K101,"Done") -> 0
A5: Days marked In Progress | B5: =COUNTIF('100-Day Tracker'!K2:K101,"In Progress") -> 0
A6: Days marked Skipped | B6: =COUNTIF('100-Day Tracker'!K2:K101,"Skipped") -> 0
A7: Days Not Started | B7: =COUNTIF('100-Day Tracker'!K2:K101,"Not Started") -> 100
A8: % Complete (Done / Total) | B8: =B4/B3 -> 0
A9: Target for 2/3 completion (days) | B9: =ROUND(B3*2/3,0) -> 67
A10: Days still needed to hit 2/3 target | B10: =MAX(B9-B4,0) -> 67
A13: Progress by Phase
A14: Phase | B14: Total Days | C14: Days Done | D14: % Complete
A15: Phase 1: Foundations | B15: =COUNTIF('100-Day Tracker'!$D$2:$D$101,A15) -> 16 | C15: =COUNTIFS('100-Day Tracker'!$D$2:$D$101,A15,'100-Day Tracker'!$K$2:$K$101,"Done") -> 0 | D15: =IF(B15=0,0,C15/B15) -> 0
A16: Phase 2: Deep Learning & Alignment Core | B16: =COUNTIF('100-Day Tracker'!$D$2:$D$101,A16) -> 28 | C16: =COUNTIFS('100-Day Tracker'!$D$2:$D$101,A16,'100-Day Tracker'!$K$2:$K$101,"Done") -> 0 | D16: =IF(B16=0,0,C16/B16) -> 0
A17: Phase 3: Specialization Practice | B17: =COUNTIF('100-Day Tracker'!$D$2:$D$101,A17) -> 14 | C17: =COUNTIFS('100-Day Tracker'!$D$2:$D$101,A17,'100-Day Tracker'!$K$2:$K$101,"Done") -> 0 | D17: =IF(B17=0,0,C17/B17) -> 0
A18: Phase 4: Portfolio Project | B18: =COUNTIF('100-Day Tracker'!$D$2:$D$101,A18) -> 28 | C18: =COUNTIFS('100-Day Tracker'!$D$2:$D$101,A18,'100-Day Tracker'!$K$2:$K$101,"Done") -> 0 | D18: =IF(B18=0,0,C18/B18) -> 0
A19: Phase 5: Apply & Wrap-Up | B19: =COUNTIF('100-Day Tracker'!$D$2:$D$101,A19) -> 14 | C19: =COUNTIFS('100-Day Tracker'!$D$2:$D$101,A19,'100-Day Tracker'!$K$2:$K$101,"Done") -> 0 | D19: =IF(B19=0,0,C19/B19) -> 0
A21: Tip: update the Status column in the '100-Day Tracker' sheet daily. This dashboard updates automatically.

Sheet Key Resources
A1: Key Resources & Platforms
A3: Resource | B3: Link | C3: Used for
A4: BlueDot Impact - AI Safety Fundamentals | B4: https://aisafetyfundamentals.com | C4: Core AI safety/alignment curriculum (Path 1)
A5: ARENA (Alignment Research Engineer Accelerator) | B5: https://bluedot.org/courses/arena | C5: Applied ML-for-safety bootcamp (Path 1, apply once ready)
A6: MATS (ML Alignment Theory Scholars) | B6: https://www.matsprogram.org | C6: Research mentorship (Path 1, apply after ARENA/foundations)
A7: fast.ai - Practical Deep Learning | B7: https://course.fast.ai | C7: Deep learning foundations
A8: PyTorch Tutorials | B8: https://pytorch.org/tutorials | C8: Core ML framework fluency
A9: 3Blue1Brown - Essence of Linear Algebra | B9: https://www.3blue1brown.com/topics/linear-algebra | C9: Math refresh
A10: MIT OCW 18.05 (Probability) | B10: https://ocw.mit.edu | C10: Math refresh
A11: Theorem Proving in Lean 4 | B11: https://leanprover.github.io/theorem_proving_in_lean4/ | C11: Formal verification foundations (Path 2)
A12: Mathematics in Lean | B12: https://leanprover-community.github.io/mathematics_in_lean/ | C12: Formal verification foundations (Path 2)
A13: Marabou | B13: https://github.com/NeuralNetworkVerification/Marabou | C13: Neural network verification tool (Path 2)
A14: alpha-beta-CROWN | B14: https://github.com/Verified-Intelligence/alpha-beta-CROWN | C14: Neural network verification tool (Path 2)
... A17: The Illustrated Transformer (Jay Alammar) | B17: https://jalammar.github.io | C17: Transformer intuition
